{
  "ext/controller/ObjectPageExt.controller.js": 1687766660511,
  "manifest.json": 1691564195626,
  "i18n/i18n.properties": 1687507393535,
  "Component.js": 1687507393519,
  "ext/controller/ObjectPageExt-dbg.controller.js": 1687766660511,
  "ext/controller/ObjectPageExt.controller.js.map": 1691564195813,
  "Component-dbg.js": 1687507393519,
  "Component.js.map": 1691564195813,
  "Component-preload.js": 1691564196053,
  "Component-preload.js.map": 1691564196053,
  "annotations/annotation.xml": 1687507393543,
  "index.html": 1691563231760
}